﻿<?xml version="1.0" encoding="UTF-8"?>
<OfficeApp xmlns="http://schemas.microsoft.com/office/appforoffice/1.1"
           xmlns:xsi="http://www.w3.org/2001/XMLSchema-instance"
           xsi:type="TaskPaneApp">
  <Id>2b88100c-656e-4bab-9f1e-f6731d86e464</Id>
  <Version>1.0.0.0</Version>
  <ProviderName>Microsoft</ProviderName>
  <DefaultLocale>en-US</DefaultLocale>
  <DisplayName DefaultValue="Preciso" />
  <Description DefaultValue="Content Improvisation" />
  <AppDomains>
    <AppDomain>C:\Users\Saket\Documents\Visual Studio 2015\Projects\WordWebAddIn1\WordWebAddIn1Web\HomePage.html</AppDomain>
    <AppDomain>C:\Users\Saket\Documents\Visual Studio 2015\Projects\WordWebAddIn1\WordWebAddIn1Web\Spell.html</AppDomain>
    <AppDomain>C:\Users\Saket\Documents\Visual Studio 2015\Projects\WordWebAddIn1\WordWebAddIn1Web\Register.html</AppDomain>
    <AppDomain>C:\Users\Saket\Documents\Visual Studio 2015\Projects\WordWebAddIn1\WordWebAddIn1Web\Grammar.html</AppDomain>
    <AppDomain>C:\Users\Saket\Documents\Visual Studio 2015\Projects\WordWebAddIn1\WordWebAddIn1Web\Tone.html</AppDomain>
    <AppDomain>C:\Users\Saket\Documents\Visual Studio 2015\Projects\WordWebAddIn1\WordWebAddIn1Web\Score.html</AppDomain>
    </AppDomains>
  <Hosts>
    <Host Name="Document" />
  </Hosts>
  <DefaultSettings>
    <SourceLocation DefaultValue="C:\Users\Saket\Documents\Visual Studio 2015\Projects\WordWebAddIn1\WordWebAddIn1Web\Home.html" />
  </DefaultSettings>
  <Permissions>ReadWriteDocument</Permissions>
</OfficeApp>
